Mean,Median
0.9615531022360464,0.9636128555596601
0.9613864319823536,0.9632540282415285
0.9615740932355082,0.9631453363246079
