max,mean,median,min,std
1.0351691293198193,0.9876807875965864,0.9975950001866691,0.9421669106881405,0.0219281469528118
1.0286715101193564,0.9857763601463576,0.997395725132979,0.9424060809823125,0.021361486022067906
1.0231331168831168,0.9853154384665621,0.9973924523906095,0.938207136640557,0.02290855108124286
1.021103896103896,0.9850345093826662,0.9974875606637439,0.932888264230499,0.022225902863295555
1.0222199675324675,0.9837582777409346,0.9973995564149847,0.9272663387210119,0.022026815873861225
1.0203936688311688,0.98361560838528,0.9975230226433645,0.9352088661551577,0.021492542891143177
1.0182057246889855,0.9846950789512351,0.9975152538977985,0.9367311072056239,0.020328137542034726
