max,mean,median,min,std
0.9864307931570762,0.9771534686108425,0.9799802361856786,0.9613941856830259,0.008720817928911996
0.9871899700190788,0.9789334964381763,0.9813226353455637,0.962707615167659,0.007596314738321146
0.9873988799004356,0.9797864894890598,0.9846610633943849,0.9615084322298564,0.009599744178080167
